{"cameraMode":{"drawMode":0,"name":"Shaded","section":"Shading Mode"},"sceneLighting":true,"audioPlay":false,"sceneViewState":{"showFog":true,"showMaterialUpdate":false,"showSkybox":true,"showFlares":true,"showImageEffects":true,"showParticleSystems":true},"in2DMode":false,"pivot":{"x":10.072187423706055,"y":-8.135173797607422,"z":-11.151582717895508},"rotation":{"x":0.17618614435195924,"y":0.8003862500190735,"z":-0.2830362915992737,"w":0.4982379078865051},"size":12.223485946655274,"orthographic":false}