{"cameraMode":{"drawMode":0,"name":"Shaded","section":"Shading Mode"},"sceneLighting":true,"audioPlay":false,"sceneViewState":{"showFog":true,"showMaterialUpdate":false,"showSkybox":false,"showFlares":true,"showImageEffects":true,"showParticleSystems":true},"in2DMode":false,"pivot":{"x":-0.042369164526462558,"y":0.624155580997467,"z":-0.687781810760498},"rotation":{"x":0.0027889336924999954,"y":0.9964429140090942,"z":0.0760774165391922,"w":-0.036489613354206088},"size":1.583749532699585,"orthographic":false}