{"cameraMode":{"drawMode":0,"name":"Shaded","section":"Shading Mode"},"sceneLighting":true,"audioPlay":false,"sceneViewState":{"showFog":true,"showMaterialUpdate":false,"showSkybox":true,"showFlares":true,"showImageEffects":true,"showParticleSystems":true},"in2DMode":false,"pivot":{"x":2.2105813026428224,"y":-1.598188877105713,"z":-5.038127422332764},"rotation":{"x":0.2111494392156601,"y":0.7360588312149048,"z":-0.2652691900730133,"w":0.585904061794281},"size":4.8264384269714359,"orthographic":false}