{"cameraMode":{"drawMode":0,"name":"Shaded","section":"Shading Mode"},"sceneLighting":true,"audioPlay":false,"sceneViewState":{"showFog":true,"showMaterialUpdate":false,"showSkybox":true,"showFlares":true,"showImageEffects":true,"showParticleSystems":true},"in2DMode":false,"pivot":{"x":-4.910590648651123,"y":-2.7348690032958986,"z":3.5702219009399416},"rotation":{"x":0.1795501857995987,"y":-0.36890289187431338,"z":0.07285714894533158,"w":0.9090607762336731},"size":6.341606140136719,"orthographic":false}