{"cameraMode":{"drawMode":0,"name":"Shaded","section":"Shading Mode"},"sceneLighting":true,"audioPlay":false,"sceneViewState":{"showFog":true,"showMaterialUpdate":false,"showSkybox":false,"showFlares":true,"showImageEffects":true,"showParticleSystems":true},"in2DMode":false,"pivot":{"x":-3.7997961044311526e-7,"y":0.5010976791381836,"z":0.0},"rotation":{"x":0.1500542163848877,"y":0.4783520996570587,"z":-0.08334432542324066,"w":0.8612337112426758},"size":0.6837496161460877,"orthographic":false}