{"cameraMode":{"drawMode":0,"name":"Shaded","section":"Shading Mode"},"sceneLighting":false,"audioPlay":false,"sceneViewState":{"showFog":true,"showMaterialUpdate":false,"showSkybox":false,"showFlares":true,"showImageEffects":true,"showParticleSystems":true},"in2DMode":false,"pivot":{"x":0.0,"y":1.6614344120025635,"z":1.4901161193847657e-8},"rotation":{"x":-0.013762964867055416,"y":-0.08180350065231323,"z":0.0011296223383396865,"w":-0.9965540170669556},"size":0.8954669833183289,"orthographic":true}